Workbook

Sheet WhatIf_Model
A2: CUSTOMER CHURN RETENTION — WHAT-IF REVENUE MODEL
A3: Executive Financial Model & Churn Reduction Sensitivity Analysis
A5: 1. Model Input Parameters
A6: Target Focus Segment: | B6: Month-to-Month Contract Customers
A7: Baseline Churn Rate: | B7: =Segment_Data!E2
A8: Target Churn Reduction (%): | B8: 0.1 | C8: ← [EDITABLE INPUT CELL]
A9: Effective Target Churn Rate: | B9: =B7*(1-B8)
A11: 2. Financial Impact Summary (Focus Segment)
A12: Baseline Annualized Revenue at Risk: | B12: =Segment_Data!G2
A13: Baseline Monthly Revenue at Risk: | B13: =Segment_Data!F2
A14: Baseline Churned Customer Count: | B14: =Segment_Data!D2
A15: Retained Customer Count (Target): | B15: =ROUND(B14*B8, 0)
A16: Monthly Recurring Revenue Retained: | B16: =B13*B8
A17: ANNUALIZED REVENUE SAVED (ARR): | B17: =B16*12
A19: 3. Retention Target Sensitivity Matrix
A20: Churn Reduction Target | B20: Effective Churn Rate | C20: Retained Accounts | D20: Monthly Revenue Retained | E20: Annualized Revenue Saved (ARR)
A21: 0.05 | B21: =B7*(1-A21) | C21: =ROUND(Segment_Data!D2*A21, 0) | D21: =Segment_Data!F2*A21 | E21: =D21*12
A22: 0.1 | B22: =B7*(1-A22) | C22: =ROUND(Segment_Data!D2*A22, 0) | D22: =Segment_Data!F2*A22 | E22: =D22*12
A23: 0.15 | B23: =B7*(1-A23) | C23: =ROUND(Segment_Data!D2*A23, 0) | D23: =Segment_Data!F2*A23 | E23: =D23*12
A24: 0.2 | B24: =B7*(1-A24) | C24: =ROUND(Segment_Data!D2*A24, 0) | D24: =Segment_Data!F2*A24 | E24: =D24*12
A25: 0.25 | B25: =B7*(1-A25) | C25: =ROUND(Segment_Data!D2*A25, 0) | D25: =Segment_Data!F2*A25 | E25: =D25*12
A28: 4. Total Company Baseline Metrics (All Segments)
A29: Total Company Customer Base: | B29: =Segment_Data!C10
A30: Total Company Churned Customers: | B30: =Segment_Data!D10
A31: Total Annualized Revenue at Risk (All Segments): | B31: =Segment_Data!G10

Sheet Segment_Data
A1: Segment Name | B1: Category | C1: Total Customers | D1: Churned Customers | E1: Baseline Churn Rate | F1: Monthly Revenue at Risk | G1: Annualized Revenue at Risk
A2: Month-to-Month Contracts | B2: Contract | C2: 3875 | D2: 1655 | E2: 0.4271 | F2: 113382.45 | G2: 1360589.4
A3: One-Year Contracts | B3: Contract | C3: 1473 | D3: 166 | E3: 0.1127 | F3: 11585.8 | G3: 139029.6
A4: Two-Year Contracts | B4: Contract | C4: 1695 | D4: 48 | E4: 0.0283 | F4: 3612.45 | G4: 43349.4
A5: Fiber Optic Internet | B5: Internet Service | C5: 3096 | D5: 1297 | E5: 0.4189 | F5: 107762.6 | G5: 1293151.2
A6: DSL Internet | B6: Internet Service | C6: 2421 | D6: 459 | E6: 0.1896 | F6: 21976.25 | G6: 263715
A7: No Internet Service | B7: Internet Service | C7: 1526 | D7: 113 | E7: 0.074 | F7: 9391.85 | G7: 112702.2
A8: Electronic Check Payment | B8: Payment Method | C8: 2365 | D8: 1071 | E8: 0.4529 | F8: 79271.65 | G8: 951259.8
A9: 0-12 Months Tenure | B9: Tenure Bucket | C9: 2186 | D9: 1037 | E9: 0.4744 | F9: 60250.75 | G9: 723009
A10: Total Company Overall | B10: Overall | C10: 7043 | D10: 1869 | E10: 0.2654 | F10: 139130.85 | G10: 1669570.2
